{
  "hash": "0e759466",
  "configHash": "9d672216",
  "lockfileHash": "48627457",
  "browserHash": "943d16cb",
  "optimized": {
    "@angular/core": {
      "src": "../../../../../../node_modules/@angular/core/fesm2022/core.mjs",
      "file": "@angular_core.js",
      "fileHash": "3c21a646",
      "needsInterop": false
    },
    "@angular/platform-browser": {
      "src": "../../../../../../node_modules/@angular/platform-browser/fesm2022/platform-browser.mjs",
      "file": "@angular_platform-browser.js",
      "fileHash": "e7b5c2e2",
      "needsInterop": false
    },
    "@angular/router": {
      "src": "../../../../../../node_modules/@angular/router/fesm2022/router.mjs",
      "file": "@angular_router.js",
      "fileHash": "2f8e13b1",
      "needsInterop": false
    },
    "@angular/forms": {
      "src": "../../../../../../node_modules/@angular/forms/fesm2022/forms.mjs",
      "file": "@angular_forms.js",
      "fileHash": "9414e0f7",
      "needsInterop": false
    }
  },
  "chunks": {
    "chunk-LDXHM6UI": {
      "file": "chunk-LDXHM6UI.js"
    },
    "chunk-TIWJ4Q5Z": {
      "file": "chunk-TIWJ4Q5Z.js"
    },
    "chunk-N4DX67WA": {
      "file": "chunk-N4DX67WA.js"
    }
  }
}