{
  "hash": "d2f11e82",
  "configHash": "c4dd99cd",
  "lockfileHash": "948b4a0a",
  "browserHash": "e3331db2",
  "optimized": {
    "@angular/core": {
      "src": "../../../../../../node_modules/@angular/core/fesm2022/core.mjs",
      "file": "@angular_core.js",
      "fileHash": "f6352c9d",
      "needsInterop": false
    },
    "@angular/platform-browser": {
      "src": "../../../../../../node_modules/@angular/platform-browser/fesm2022/platform-browser.mjs",
      "file": "@angular_platform-browser.js",
      "fileHash": "f91a8f53",
      "needsInterop": false
    },
    "@angular/router": {
      "src": "../../../../../../node_modules/@angular/router/fesm2022/router.mjs",
      "file": "@angular_router.js",
      "fileHash": "47758c0f",
      "needsInterop": false
    }
  },
  "chunks": {
    "chunk-QKOSJ7JN": {
      "file": "chunk-QKOSJ7JN.js"
    },
    "chunk-ICDOO44F": {
      "file": "chunk-ICDOO44F.js"
    }
  }
}