{
  "hash": "d3e97b61",
  "configHash": "74943012",
  "lockfileHash": "a9fe3591",
  "browserHash": "0e5c9d20",
  "optimized": {
    "@angular/core": {
      "src": "../../../../../../node_modules/@angular/core/fesm2022/core.mjs",
      "file": "@angular_core.js",
      "fileHash": "4f27ff85",
      "needsInterop": false
    },
    "@angular/platform-browser": {
      "src": "../../../../../../node_modules/@angular/platform-browser/fesm2022/platform-browser.mjs",
      "file": "@angular_platform-browser.js",
      "fileHash": "67f18ec0",
      "needsInterop": false
    },
    "@angular/router": {
      "src": "../../../../../../node_modules/@angular/router/fesm2022/router.mjs",
      "file": "@angular_router.js",
      "fileHash": "989be223",
      "needsInterop": false
    },
    "@angular/common": {
      "src": "../../../../../../node_modules/@angular/common/fesm2022/common.mjs",
      "file": "@angular_common.js",
      "fileHash": "a049711a",
      "needsInterop": false
    }
  },
  "chunks": {
    "chunk-7ZTVKTLH": {
      "file": "chunk-7ZTVKTLH.js"
    },
    "chunk-ICE4W7DU": {
      "file": "chunk-ICE4W7DU.js"
    },
    "chunk-ICDOO44F": {
      "file": "chunk-ICDOO44F.js"
    }
  }
}