{
  "hash": "0c48eea5",
  "configHash": "3a973961",
  "lockfileHash": "25960a20",
  "browserHash": "f596db7e",
  "optimized": {
    "@angular/core": {
      "src": "../../../../../node_modules/@angular/core/fesm2022/core.mjs",
      "file": "@angular_core.js",
      "fileHash": "fb790535",
      "needsInterop": false
    },
    "@angular/platform-browser": {
      "src": "../../../../../node_modules/@angular/platform-browser/fesm2022/platform-browser.mjs",
      "file": "@angular_platform-browser.js",
      "fileHash": "e1acbecd",
      "needsInterop": false
    },
    "@angular/router": {
      "src": "../../../../../node_modules/@angular/router/fesm2022/router.mjs",
      "file": "@angular_router.js",
      "fileHash": "f5a08624",
      "needsInterop": false
    }
  },
  "chunks": {
    "chunk-L6IRO5SR": {
      "file": "chunk-L6IRO5SR.js"
    },
    "chunk-JNM7CA4Q": {
      "file": "chunk-JNM7CA4Q.js"
    }
  }
}