{
  "hash": "dbe8a071",
  "configHash": "78ce2c22",
  "lockfileHash": "48627457",
  "browserHash": "e2578c99",
  "optimized": {
    "@angular/core": {
      "src": "../../../../../../node_modules/@angular/core/fesm2022/core.mjs",
      "file": "@angular_core.js",
      "fileHash": "17bc82e8",
      "needsInterop": false
    },
    "@angular/platform-browser": {
      "src": "../../../../../../node_modules/@angular/platform-browser/fesm2022/platform-browser.mjs",
      "file": "@angular_platform-browser.js",
      "fileHash": "1f8e484f",
      "needsInterop": false
    },
    "@angular/router": {
      "src": "../../../../../../node_modules/@angular/router/fesm2022/router.mjs",
      "file": "@angular_router.js",
      "fileHash": "c8d1116d",
      "needsInterop": false
    }
  },
  "chunks": {
    "chunk-QKOSJ7JN": {
      "file": "chunk-QKOSJ7JN.js"
    },
    "chunk-ICDOO44F": {
      "file": "chunk-ICDOO44F.js"
    }
  }
}